---
layout: null
---
<?xml version="1.0" encoding="UTF-8"?>
<rss version="2.0" xmlns:atom="http://www.w3.org/2005/Atom">
  <channel>
    <title>{{ site.name | xml_escape }} - Articles</title>
    <description>{% if site.description %}{{ site.description | xml_escape }}{% endif %}</description>
    <link>
    {{ site.url }}</link>
    {% for post in site.posts %}
      <item>
        <title>{{ post.title | xml_escape }}</title>
        {% if post.excerpt %}
          <description>{{ post.description | xml_escape }}</description>
        {% else %}
          <description>{{ post.description | xml_escape }}</description>
        {% endif %}
        <pubDate>{{ post.date | date: "%a, %d %b %Y %H:%M:%S %z" }}</pubDate>
        <link>{% if post.link %}{{ post.link }}{% else %}{{ site.baseurl }}{{ post.url }}{% endif %}</link>
        <guid isPermaLink="true">{{ site.url }}{{ post.url }}</guid>
      </item>
    {% endfor %}
  </channel>
</rss>
